Rk,School,G,W,L,W-L%,SRS,SOS,,W,L,,W,L,,W,L,,Tm.,Opp.,,Pace,ORtg,FTr,3PAr,TS%,TRB%,AST%,STL%,BLK%,eFG%,TOV%,ORB%,FT/FGA
1,Abilene Christian,32,16,16,.500,-5.47,-2.02,,8,8,,10,5,,5,10,,2260,2250,,71.1,98.6,.361,.262,.523,50.1,51.4,14.4,8.5,.483,18.0,31.8,.258
2,Air Force,32,4,28,.125,-7.75,3.96,,1,19,,3,13,,0,14,,1982,2357,,64.7,95.0,.354,.485,.525,46.6,62.9,8.7,8.1,.501,18.7,22.7,.225
3,Akron NCAA,34,28,6,.824,3.54,-4.52,,17,1,,16,0,,8,4,,2876,2534,,72.4,116.3,.259,.461,.583,53.0,59.2,10.6,9.8,.557,14.2,33.5,.195
4,Alabama NCAA,33,25,8,.758,25.96,16.26,,13,5,,12,3,,9,3,,3007,2687,,76.2,118.7,.401,.462,.594,54.0,54.1,7.9,10.1,.563,14.3,34.7,.287
5,Alabama A&M,32,10,22,.313,-20.36,-9.77,,6,12,,8,9,,2,12,,2337,2521,,73.0,98.4,.375,.410,.504,49.5,54.3,11.2,11.5,.470,18.1,35.1,.249
6,Alabama State NCAA,34,19,15,.559,-9.23,-8.93,,12,6,,8,3,,6,10,,2497,2456,,69.5,105.3,.297,.428,.507,47.8,45.8,11.2,8.2,.476,11.2,28.9,.206
7,Albany (NY),33,17,16,.515,-9.45,-8.26,,8,8,,7,7,,8,8,,2463,2437,,68.7,107.5,.289,.360,.530,50.8,45.9,11.9,6.5,.499,13.3,32.9,.207
8,Alcorn State,32,11,21,.344,-13.79,-6.69,,11,7,,6,3,,5,17,,2081,2307,,66.3,97.7,.306,.294,.496,49.9,43.6,9.9,8.7,.458,16.6,33.5,.219
9,American NCAA,34,22,12,.647,-7.01,-6.54,,13,5,,14,2,,5,10,,2334,2287,,64.4,105.1,.304,.449,.555,48.4,52.4,10.1,5.3,.521,15.2,24.4,.230
10,Appalachian State,31,17,14,.548,-2.47,-3.72,,10,8,,10,4,,5,8,,2102,1970,,64.5,104.7,.350,.412,.533,50.7,52.7,8.5,10.1,.507,14.5,28.2,.228
11,Arizona NCAA,34,22,12,.647,23.12,13.82,,14,6,,13,3,,6,5,,2779,2463,,70.2,115.6,.366,.346,.573,54.7,56.7,10.9,12.0,.529,13.8,35.9,.287
12,Arizona State,32,13,19,.406,11.19,13.72,,4,16,,5,9,,3,8,,2366,2447,,69.9,104.6,.359,.428,.550,47.8,51.2,7.6,12.1,.514,15.5,25.2,.260
13,Arkansas NCAA,33,20,13,.606,16.64,11.18,,8,10,,14,4,,4,6,,2528,2348,,70.4,108.3,.355,.367,.563,50.6,53.2,10.8,15.4,.527,14.6,27.6,.261
14,Arkansas State,34,24,10,.706,5.22,-2.78,,13,5,,13,2,,8,5,,2692,2385,,70.5,111.4,.336,.452,.534,51.9,51.8,10.3,11.6,.497,12.6,34.2,.245
15,Arkansas-Pine Bluff,31,6,25,.194,-24.12,-8.22,,3,15,,4,8,,2,17,,2242,2602,,73.1,99.0,.320,.379,.529,46.8,54.2,9.7,6.3,.515,17.5,26.9,.190
16,Army,31,16,15,.516,-12.47,-7.26,,10,8,,12,4,,4,11,,2268,2327,,67.7,105.5,.253,.421,.530,48.6,52.0,9.6,6.3,.507,13.0,27.3,.173
17,Auburn NCAA,33,28,5,.848,29.57,15.33,,15,3,,13,2,,8,2,,2767,2297,,68.9,121.3,.335,.406,.588,52.6,55.5,10.1,16.5,.557,11.5,34.3,.248
18,Austin Peay,33,14,19,.424,-9.15,-3.44,,8,10,,8,5,,4,13,,2362,2472,,67.2,105.3,.288,.409,.525,46.8,49.8,10.2,7.3,.493,12.7,26.7,.207
19,Ball State,31,14,17,.452,-7.76,-6.30,,7,11,,8,7,,4,9,,2336,2300,,69.0,108.4,.457,.373,.559,50.9,52.1,7.1,6.0,.519,14.8,27.7,.322
20,Baylor NCAA,33,19,14,.576,19.42,13.57,,10,10,,13,3,,3,9,,2523,2282,,66.0,113.6,.306,.399,.552,52.4,53.9,11.4,8.7,.518,13.7,36.2,.228
21,Bellarmine,31,5,26,.161,-14.75,-4.37,,2,16,,5,10,,0,16,,2252,2484,,67.6,106.6,.255,.445,.576,46.5,53.9,9.3,5.5,.548,16.0,21.2,.197
22,Belmont,33,22,11,.667,2.04,-0.02,,13,7,,11,5,,9,4,,2618,2529,,70.4,112.2,.261,.445,.573,49.1,60.1,9.8,9.2,.550,14.0,27.2,.187
23,Bethune-Cookman,33,17,16,.515,-10.01,-6.50,,13,5,,8,2,,7,12,,2265,2381,,69.6,98.6,.359,.339,.517,49.8,52.9,9.6,9.7,.482,17.0,28.8,.248
24,Binghamton,32,15,17,.469,-13.23,-8.85,,7,9,,9,4,,5,12,,2233,2287,,66.8,103.2,.336,.365,.555,52.2,51.9,7.1,8.4,.527,17.6,27.6,.233
25,Boise State,34,24,10,.706,13.88,5.85,,14,6,,13,2,,6,5,,2546,2246,,65.9,113.2,.392,.425,.571,56.0,56.5,8.1,7.5,.525,14.5,33.5,.305
26,Boston College,31,12,19,.387,0.10,5.49,,4,16,,9,8,,0,10,,2182,2349,,66.8,102.4,.315,.330,.524,49.1,45.3,7.6,10.5,.489,15.0,28.8,.226
27,Boston University,32,16,16,.500,-10.77,-8.15,,10,8,,12,4,,3,12,,2148,2191,,64.1,103.1,.312,.422,.534,54.2,49.6,9.3,8.2,.510,17.4,32.8,.207
28,Bowling Green State,32,14,18,.438,-9.38,-5.95,,8,10,,8,8,,5,8,,2352,2366,,70.1,104.8,.337,.401,.546,49.5,44.0,10.3,9.6,.508,15.4,26.5,.251
29,Bradley,34,26,8,.765,6.24,-0.04,,15,5,,13,3,,8,3,,2612,2339,,66.5,113.9,.314,.429,.599,51.1,53.7,9.9,11.5,.570,15.2,26.8,.237
30,Brigham Young NCAA,33,24,9,.727,19.80,9.71,,14,6,,15,2,,6,5,,2672,2339,,67.8,117.3,.302,.483,.593,54.3,59.9,10.4,9.8,.572,15.1,33.3,.213
31,Brown,27,14,13,.519,-4.92,-4.00,,6,8,,8,6,,6,7,,1950,1933,,67.4,105.7,.278,.409,.534,50.4,55.0,8.7,14.0,.517,14.7,30.8,.175
32,Bryant NCAA,34,23,11,.676,-1.68,-7.55,,14,2,,12,3,,10,7,,2800,2511,,73.5,111.7,.299,.354,.549,53.4,49.5,9.1,14.5,.520,13.8,34.9,.214
33,Bucknell,33,18,15,.545,-5.08,-5.95,,13,5,,12,4,,6,10,,2443,2414,,67.4,105.0,.367,.410,.562,49.8,52.0,9.4,9.2,.538,16.6,26.0,.244
34,Buffalo,31,9,22,.290,-14.94,-3.70,,4,14,,6,9,,3,13,,2226,2508,,73.3,98.0,.338,.439,.527,47.1,54.0,9.2,8.8,.493,17.6,25.1,.237
35,Butler,33,14,19,.424,10.32,10.29,,6,14,,9,8,,2,9,,2437,2436,,67.3,109.4,.373,.409,.568,50.2,55.5,6.0,6.9,.530,14.5,26.4,.277
36,Cal Poly,35,16,19,.457,-1.95,-0.15,,8,12,,9,5,,5,13,,2873,2901,,75.0,107.9,.267,.509,.583,48.0,52.9,10.3,5.6,.554,18.2,28.0,.205
37,Cal State Bakersfield,33,14,19,.424,-5.42,-1.74,,8,12,,9,6,,4,11,,2434,2430,,67.6,108.3,.343,.295,.538,53.0,39.2,10.0,9.0,.494,15.5,36.7,.264
38,Cal State Fullerton,32,6,26,.188,-15.46,0.87,,1,19,,4,11,,2,15,,2024,2475,,68.8,92.0,.398,.338,.500,48.5,42.2,7.7,6.1,.447,19.0,27.2,.295
39,Cal State Northridge,32,22,10,.688,2.66,-3.28,,14,6,,10,3,,10,6,,2580,2319,,72.9,110.2,.359,.313,.558,56.1,57.4,10.6,10.7,.523,16.0,35.8,.262
40,California,33,14,19,.424,5.85,7.06,,6,14,,11,6,,2,11,,2494,2534,,67.8,108.1,.389,.378,.526,51.8,41.2,9.0,9.3,.478,13.9,34.7,.290
41,California Baptist,32,17,15,.531,-0.72,-1.94,,9,7,,11,5,,4,8,,2280,2241,,67.5,104.4,.297,.350,.522,51.3,45.6,9.7,6.9,.483,15.0,33.3,.225
42,Campbell,32,15,17,.469,-5.18,-4.74,,10,8,,8,6,,7,10,,2246,2169,,66.5,105.1,.303,.413,.544,48.0,54.3,10.3,8.8,.506,14.0,24.6,.234
43,Canisius,31,3,28,.097,-19.00,-5.16,,3,17,,1,12,,2,15,,2008,2437,,66.2,97.8,.233,.414,.540,41.6,47.7,9.3,7.2,.512,17.0,18.3,.177
44,Central Arkansas,33,9,24,.273,-14.66,-3.79,,4,14,,7,7,,1,17,,2318,2578,,67.9,101.1,.280,.482,.513,49.3,55.4,10.6,8.0,.480,15.3,29.4,.201
45,Central Connecticut State,32,25,7,.781,-4.16,-10.90,,14,2,,13,3,,12,3,,2312,2012,,66.5,108.2,.255,.358,.564,52.5,52.4,11.3,12.2,.538,15.0,27.0,.189
46,Central Michigan,31,14,17,.452,-4.35,-2.65,,7,11,,8,6,,6,10,,2341,2237,,69.6,107.7,.362,.338,.553,52.7,50.3,10.5,8.7,.517,15.2,32.1,.262
47,Charleston Southern,32,10,22,.313,-10.82,-2.15,,6,10,,7,5,,3,14,,2307,2503,,69.6,102.3,.448,.424,.526,51.9,47.7,6.7,6.3,.490,16.5,32.0,.296
48,Charlotte,33,11,22,.333,-5.11,-0.30,,3,15,,8,8,,1,12,,2328,2460,,65.4,105.8,.425,.412,.536,47.5,53.2,7.6,5.9,.485,13.2,25.7,.318
49,Chattanooga,33,24,9,.727,0.98,-4.18,,15,3,,13,3,,10,5,,2602,2375,,67.5,115.4,.303,.458,.594,50.1,60.5,10.0,8.7,.564,13.4,26.3,.233
50,Chicago State,32,4,28,.125,-20.79,-4.64,,4,12,,3,7,,1,19,,2001,2518,,69.0,90.0,.268,.409,.478,43.1,48.5,10.6,10.2,.444,16.4,22.6,.189
51,Cincinnati,33,18,15,.545,14.58,9.76,,7,13,,12,5,,4,9,,2328,2169,,66.1,106.7,.234,.381,.528,50.7,50.9,11.1,11.7,.509,13.3,32.3,.156
52,Clemson NCAA,33,27,6,.818,18.50,7.84,,18,2,,15,2,,9,3,,2519,2167,,65.0,114.8,.282,.384,.568,52.2,52.3,11.3,10.4,.536,13.5,33.7,.216
53,Cleveland State,33,21,12,.636,-1.88,-4.04,,14,6,,14,4,,7,7,,2403,2178,,66.8,108.5,.303,.328,.537,50.8,52.2,13.0,14.9,.505,14.8,35.4,.220
54,Coastal Carolina,32,10,22,.313,-12.04,-5.84,,3,15,,6,8,,3,13,,2136,2275,,64.4,103.2,.344,.399,.531,51.5,49.6,5.1,4.5,.497,16.0,29.4,.241
55,Colgate,33,14,19,.424,-7.47,-6.16,,10,8,,10,4,,4,13,,2379,2388,,66.9,106.9,.228,.425,.566,49.2,52.6,9.5,6.9,.544,15.0,24.0,.167
56,College of Charleston,33,24,9,.727,-0.32,-3.11,,13,5,,13,2,,7,5,,2549,2437,,70.3,108.3,.348,.399,.557,50.1,58.9,9.1,6.2,.525,14.2,26.6,.249
57,Colorado,34,14,20,.412,10.52,12.07,,3,17,,11,7,,0,10,,2377,2430,,68.2,101.8,.363,.373,.548,51.4,58.4,10.3,11.1,.506,18.5,28.9,.274
58,Colorado State NCAA,34,25,9,.735,13.90,5.75,,16,4,,14,2,,7,4,,2558,2281,,66.3,112.2,.318,.428,.592,52.4,62.8,7.6,8.0,.558,15.5,26.4,.246
59,Columbia,27,12,15,.444,-8.94,-5.46,,1,13,,9,6,,3,9,,2117,2109,,71.2,110.1,.290,.398,.562,50.3,61.0,10.9,5.9,.533,13.5,27.5,.213
60,Connecticut NCAA,33,23,10,.697,17.83,8.47,,14,6,,14,2,,7,4,,2554,2245,,64.5,118.2,.306,.426,.591,54.9,64.0,8.1,17.9,.555,14.6,35.6,.242
61,Coppin State,30,6,24,.200,-20.99,-5.44,,4,10,,5,6,,1,17,,1867,2292,,69.2,89.5,.363,.321,.484,45.2,51.5,11.7,5.6,.444,18.8,26.6,.247
62,Cornell,29,18,11,.621,1.13,-3.54,,9,5,,9,5,,8,5,,2467,2248,,72.2,117.8,.277,.489,.616,50.7,62.5,8.7,8.5,.592,14.8,27.5,.209
63,Creighton NCAA,34,24,10,.706,16.35,10.64,,15,5,,15,2,,6,5,,2558,2364,,67.6,110.5,.285,.490,.583,52.4,63.4,5.4,10.7,.558,16.0,26.9,.209
64,Dartmouth,28,14,14,.500,-4.48,-5.17,,8,6,,9,4,,5,9,,2166,2013,,71.9,107.1,.304,.471,.553,51.0,59.0,7.1,7.8,.520,14.1,24.7,.226
65,Davidson,33,17,16,.515,1.53,0.97,,6,12,,11,6,,4,7,,2393,2334,,66.6,109.0,.290,.416,.556,49.5,57.2,8.6,7.4,.525,12.9,24.6,.216
66,Dayton,32,22,10,.688,9.27,4.66,,12,6,,16,2,,5,4,,2406,2242,,66.1,112.1,.381,.404,.567,51.0,59.5,10.6,10.6,.528,13.6,29.8,.284
67,Delaware,36,16,20,.444,-5.87,-3.90,,5,13,,8,7,,3,11,,2780,2803,,70.4,109.7,.300,.408,.585,46.8,51.6,9.1,7.4,.551,15.2,23.0,.235
68,Delaware State,30,16,14,.533,-12.00,-8.80,,8,6,,11,2,,3,11,,2360,2229,,71.8,108.7,.339,.222,.538,52.4,48.1,11.9,7.5,.502,14.7,36.2,.245
69,Denver,32,11,21,.344,-10.05,-2.67,,5,11,,8,6,,3,12,,2316,2483,,68.7,103.7,.329,.367,.549,47.5,44.8,9.8,7.6,.513,16.1,26.3,.243
70,DePaul,33,14,19,.424,5.98,7.40,,4,16,,11,8,,2,10,,2402,2449,,67.5,105.4,.274,.464,.552,49.7,60.2,8.9,9.4,.527,15.8,27.2,.194
71,Detroit Mercy,32,8,24,.250,-13.43,-3.08,,4,16,,6,7,,2,15,,2146,2428,,67.7,97.6,.290,.288,.497,51.2,44.4,8.4,8.0,.459,16.2,32.5,.213
72,Drake NCAA,33,30,3,.909,9.03,0.06,,17,3,,14,2,,10,1,,2313,1928,,60.0,114.6,.426,.372,.580,55.3,55.1,14.8,8.5,.547,15.6,36.2,.300
73,Drexel,33,18,15,.545,-3.36,-5.33,,9,9,,8,6,,7,7,,2322,2207,,64.2,107.6,.247,.372,.547,52.9,49.4,7.5,12.0,.525,15.9,33.5,.173
74,Duke NCAA,34,31,3,.912,30.31,9.51,,19,1,,17,0,,10,1,,2812,2105,,66.6,124.2,.321,.454,.607,55.8,58.1,10.4,10.6,.574,12.3,35.2,.252
75,Duquesne,32,13,19,.406,1.80,1.51,,8,10,,9,7,,2,8,,2212,2155,,65.4,104.8,.296,.428,.528,50.6,55.6,10.8,12.6,.505,15.6,33.3,.193
76,East Carolina,33,19,14,.576,-0.42,-0.55,,10,8,,12,6,,4,6,,2502,2434,,68.0,109.4,.360,.349,.530,51.7,49.8,10.9,11.8,.491,13.2,34.9,.259
77,East Tennessee State,32,19,13,.594,-0.93,-5.06,,12,6,,13,3,,6,9,,2301,2128,,66.1,108.7,.322,.414,.531,52.7,50.9,12.1,11.6,.506,13.8,35.2,.213
78,East Texas A&M,31,5,26,.161,-12.39,-1.88,,3,17,,4,10,,1,16,,1995,2321,,67.8,94.5,.280,.483,.514,45.4,61.6,12.3,10.7,.492,19.7,28.1,.180
79,Eastern Illinois,31,12,19,.387,-12.43,-5.72,,8,12,,7,7,,4,12,,2062,2140,,67.9,97.2,.338,.289,.493,49.3,47.2,13.1,9.1,.458,15.6,30.9,.229
80,Eastern Kentucky,32,18,14,.563,-3.36,-3.96,,12,6,,10,3,,7,9,,2491,2408,,68.7,111.5,.269,.425,.531,49.7,47.2,12.4,9.3,.498,11.8,34.1,.201
81,Eastern Michigan,32,16,16,.500,-9.13,-5.30,,9,9,,9,5,,6,10,,2355,2449,,68.3,106.8,.336,.381,.561,49.2,48.0,10.1,9.8,.526,16.5,30.1,.247
82,Eastern Washington,32,10,22,.313,-8.43,-1.70,,6,12,,8,6,,2,14,,2283,2415,,68.4,104.3,.309,.371,.555,47.3,53.4,11.0,9.0,.517,16.3,27.0,.241
83,Elon,32,17,15,.531,-3.68,-4.48,,8,10,,10,4,,6,9,,2355,2232,,66.2,110.8,.383,.425,.553,54.8,49.1,7.9,11.5,.510,15.8,37.8,.286
84,Evansville,32,11,21,.344,-6.03,0.33,,8,12,,7,9,,4,11,,2113,2263,,67.1,98.4,.304,.409,.525,47.8,53.0,8.9,13.8,.495,15.8,22.8,.212
85,Fairfield,32,12,20,.375,-14.23,-7.40,,8,12,,8,6,,3,12,,2161,2324,,66.7,100.9,.260,.379,.500,47.5,51.5,10.2,8.4,.467,13.3,29.2,.189
86,FDU,33,13,20,.394,-11.74,-7.84,,8,8,,9,5,,4,15,,2431,2415,,69.2,104.9,.331,.421,.540,47.7,52.9,9.9,7.1,.507,14.7,27.2,.235
87,Florida NCAA,34,30,4,.882,27.98,11.81,,14,4,,15,1,,7,3,,2904,2354,,70.8,120.6,.326,.436,.578,55.4,52.4,10.9,12.3,.550,12.6,38.1,.234
88,Florida A&M,31,14,17,.452,-13.14,-5.79,,10,8,,9,3,,4,13,,2235,2334,,69.3,104.1,.359,.469,.555,49.3,51.7,7.5,8.6,.521,17.4,28.6,.256
89,Florida Atlantic,33,18,15,.545,4.08,2.05,,10,8,,8,5,,6,7,,2598,2483,,69.8,111.5,.328,.408,.561,50.7,57.2,8.9,11.1,.534,14.0,31.2,.229
90,Florida Gulf Coast,32,18,14,.563,-2.03,-4.32,,13,5,,11,5,,7,9,,2321,2233,,65.6,110.6,.231,.386,.558,52.5,51.2,8.5,7.3,.540,14.0,30.2,.159
91,Florida International,33,10,23,.303,-6.42,-1.36,,3,15,,7,8,,1,13,,2285,2380,,69.6,98.0,.348,.303,.508,50.3,49.1,12.7,13.6,.468,16.7,31.6,.246
92,Florida State,32,17,15,.531,8.80,6.80,,8,12,,11,5,,2,9,,2383,2319,,70.2,105.6,.394,.337,.546,49.4,50.0,10.8,14.1,.507,15.3,29.7,.282
93,Fordham,33,12,21,.364,-3.86,1.17,,3,15,,8,8,,2,10,,2452,2573,,70.5,104.2,.333,.416,.527,50.0,53.2,10.6,8.7,.491,15.7,31.9,.239
94,Fresno State,32,6,26,.188,-5.25,4.76,,2,18,,5,9,,1,14,,2262,2582,,70.7,97.3,.364,.353,.500,45.9,44.0,10.4,8.7,.461,15.4,27.0,.252
95,Furman,34,25,9,.735,0.05,-3.53,,11,7,,13,3,,9,5,,2638,2368,,67.3,114.0,.344,.511,.576,51.5,64.4,9.7,9.3,.551,14.2,30.8,.237
96,Gardner-Webb,31,11,20,.355,-7.98,-3.63,,5,11,,5,6,,3,13,,2287,2422,,70.2,105.1,.362,.331,.550,52.0,39.4,7.4,8.8,.519,17.9,33.4,.251
97,George Mason,34,26,8,.765,7.71,1.22,,15,3,,17,1,,7,6,,2411,2152,,65.2,106.5,.413,.364,.558,53.3,52.2,11.2,11.0,.519,17.0,32.3,.296
98,George Washington,33,21,12,.636,3.05,-1.70,,9,9,,13,4,,5,6,,2430,2238,,67.3,108.2,.402,.416,.549,50.3,55.8,13.1,8.7,.513,15.5,32.3,.281
99,Georgetown,32,17,15,.531,8.70,5.86,,8,12,,14,5,,3,9,,2293,2202,,68.3,105.0,.258,.374,.530,50.9,53.4,11.6,11.1,.504,14.7,31.6,.182
100,Georgia NCAA,32,20,12,.625,17.23,10.98,,8,10,,15,3,,3,7,,2418,2218,,68.5,110.3,.398,.368,.562,53.0,47.6,11.3,14.7,.525,16.1,36.1,.286
101,Georgia Southern,33,17,16,.515,-7.39,-5.33,,8,10,,11,3,,4,11,,2449,2505,,70.0,104.4,.267,.442,.527,49.5,50.7,11.1,10.6,.506,16.0,33.0,.175
102,Georgia State,33,14,19,.424,-7.37,-2.87,,8,10,,9,6,,3,11,,2479,2583,,69.8,107.3,.328,.338,.537,51.4,44.7,7.5,7.8,.508,14.5,33.2,.225
103,Georgia Tech,33,17,16,.515,7.30,6.36,,10,10,,14,5,,2,9,,2421,2390,,69.0,104.7,.312,.362,.532,51.3,55.4,8.3,10.2,.504,15.0,30.5,.214
104,Gonzaga NCAA,33,25,8,.758,23.62,6.62,,14,4,,13,2,,8,2,,2859,2298,,70.5,121.5,.309,.335,.594,54.0,61.9,10.7,8.3,.557,11.4,32.7,.247
105,Grambling,34,12,22,.353,-12.32,-7.45,,7,11,,6,7,,4,12,,2271,2301,,67.0,99.0,.333,.348,.526,49.2,48.4,9.9,9.8,.488,16.7,26.7,.243
106,Grand Canyon NCAA,33,26,7,.788,5.81,-3.04,,13,3,,16,1,,5,4,,2612,2281,,72.7,108.4,.442,.339,.559,52.8,52.2,12.9,13.1,.514,15.7,32.7,.324
107,Green Bay,32,4,28,.125,-13.23,-2.55,,2,18,,3,11,,1,17,,2237,2570,,69.0,100.9,.367,.459,.555,44.7,60.2,7.1,5.5,.508,16.6,19.1,.288
108,Hampton,33,17,16,.515,-4.93,-3.73,,8,10,,10,4,,4,9,,2391,2309,,67.0,107.8,.300,.369,.520,52.5,45.7,11.2,9.1,.487,13.4,35.3,.214
109,Harvard,27,12,15,.444,-7.57,-3.61,,7,7,,7,5,,5,10,,1848,1945,,66.7,102.1,.249,.399,.539,47.4,54.3,11.0,7.7,.508,15.8,25.1,.191
110,Hawaii,31,15,16,.484,-3.13,-0.58,,7,13,,13,7,,2,9,,2173,2208,,66.7,104.2,.392,.382,.552,54.2,49.4,5.3,6.0,.511,17.5,31.3,.290
111,High Point NCAA,34,29,5,.853,5.39,-5.80,,14,2,,16,1,,7,3,,2795,2338,,67.3,121.7,.372,.389,.601,54.3,45.1,9.1,7.9,.565,13.2,35.5,.284
112,Hofstra,33,15,18,.455,-4.73,-3.63,,6,12,,6,7,,5,9,,2202,2141,,64.9,101.2,.256,.431,.527,49.9,56.3,9.0,11.9,.500,15.1,25.7,.183
113,Holy Cross,32,13,19,.406,-12.27,-7.10,,5,13,,7,6,,4,13,,2227,2307,,66.2,104.3,.220,.417,.558,49.2,48.3,6.9,7.8,.537,16.1,23.4,.159
114,Houston NCAA,34,30,4,.882,28.44,12.70,,19,1,,16,1,,10,0,,2523,1988,,62.4,116.7,.282,.345,.557,53.4,44.4,12.5,15.8,.527,12.2,36.1,.209
115,Houston Christian,32,12,20,.375,-8.19,-2.99,,9,11,,8,7,,4,12,,2111,2220,,65.3,101.0,.312,.439,.524,46.9,46.9,12.1,9.4,.495,15.7,26.7,.214
116,Howard,32,12,20,.375,-11.77,-6.63,,7,7,,8,6,,3,11,,2480,2538,,71.5,107.5,.367,.399,.575,49.9,59.4,7.8,7.7,.539,18.1,30.1,.272
117,Idaho,33,14,19,.424,-7.60,-3.08,,8,10,,8,6,,5,11,,2430,2493,,67.1,109.3,.339,.473,.559,49.6,49.2,8.7,8.1,.522,15.2,29.9,.254
118,Idaho State,30,15,15,.500,-3.62,-3.69,,10,8,,10,4,,5,10,,2230,2099,,66.7,110.9,.336,.376,.532,56.4,51.1,9.0,12.9,.492,13.3,39.7,.249
119,Illinois NCAA,33,21,12,.636,21.70,12.49,,12,8,,13,4,,5,5,,2766,2462,,72.4,115.0,.346,.469,.562,55.8,51.9,6.0,9.1,.523,13.4,36.0,.263
120,Illinois State,33,19,14,.576,1.85,-0.12,,10,10,,12,4,,5,7,,2492,2374,,66.1,113.7,.299,.480,.595,50.7,54.7,8.6,5.4,.568,14.1,24.9,.224
121,Illinois-Chicago,31,17,14,.548,-0.59,0.62,,10,10,,9,5,,7,6,,2357,2286,,69.1,108.2,.339,.392,.556,51.8,57.3,9.6,8.2,.523,15.0,30.5,.244
122,Incarnate Word,33,17,16,.515,-6.47,-5.44,,9,11,,11,5,,4,10,,2407,2274,,65.1,111.2,.278,.362,.554,52.7,46.1,10.4,10.3,.533,15.1,35.8,.189
123,Indiana,32,19,13,.594,14.59,11.97,,10,10,,14,4,,4,6,,2389,2305,,69.1,107.7,.331,.332,.543,51.9,58.4,8.4,9.2,.511,14.4,31.5,.233
124,Indiana State,32,14,18,.438,-3.13,-0.63,,8,12,,8,6,,4,9,,2563,2545,,72.4,109.4,.344,.494,.585,50.6,57.2,9.3,5.9,.551,17.0,26.7,.258
125,Iona,34,17,17,.500,-8.30,-7.51,,12,8,,7,7,,7,7,,2369,2396,,68.6,100.9,.279,.347,.504,53.1,56.4,13.9,9.4,.475,17.3,39.1,.191
126,Iowa,33,17,16,.515,12.88,10.10,,7,13,,12,6,,2,8,,2722,2630,,71.4,115.1,.260,.410,.587,46.4,59.8,9.3,11.0,.568,12.2,25.1,.183
127,Iowa State NCAA,33,24,9,.727,23.04,10.73,,13,7,,15,2,,6,5,,2652,2246,,69.5,114.0,.385,.369,.585,52.7,53.9,13.3,10.2,.546,14.8,32.2,.291
128,IU Indy,32,10,22,.313,-11.51,-4.23,,6,14,,6,8,,4,12,,2402,2458,,66.8,112.0,.337,.469,.553,49.4,54.3,9.3,6.1,.516,13.1,31.9,.250
129,Jackson State,34,16,18,.471,-9.15,-6.00,,14,4,,8,1,,6,15,,2428,2535,,70.1,100.4,.375,.337,.521,50.1,49.7,10.0,9.6,.477,16.8,30.1,.274
130,Jacksonville,32,19,13,.594,-3.24,-3.27,,12,6,,11,3,,7,9,,2308,2273,,68.7,104.6,.289,.339,.527,52.3,51.6,11.3,12.7,.501,16.1,35.5,.197
131,Jacksonville State,34,22,12,.647,1.39,0.04,,12,6,,12,2,,7,7,,2511,2334,,65.9,111.2,.317,.370,.548,53.8,44.1,7.4,10.4,.510,12.9,31.7,.241
132,James Madison,32,20,12,.625,-1.62,-2.58,,13,5,,13,2,,5,8,,2365,2256,,65.9,111.2,.306,.443,.551,51.4,45.3,9.1,8.5,.516,13.6,32.1,.231
133,Kansas NCAA,33,21,12,.636,20.70,13.77,,11,9,,14,3,,4,8,,2515,2286,,69.1,109.0,.243,.343,.554,52.6,60.9,8.9,13.1,.531,14.5,30.4,.173
134,Kansas City,33,13,20,.394,-5.33,-2.71,,4,12,,9,5,,2,12,,2386,2218,,66.3,109.1,.321,.445,.545,53.4,49.9,11.2,10.1,.506,15.3,35.6,.244
135,Kansas State,33,16,17,.485,11.29,10.08,,9,11,,10,6,,3,9,,2337,2297,,67.9,103.9,.276,.402,.532,48.8,59.0,10.8,9.2,.506,15.4,29.4,.191
136,Kennesaw State,33,19,14,.576,0.77,1.10,,10,8,,12,3,,5,8,,2526,2417,,71.6,106.1,.368,.458,.539,54.2,51.2,9.2,11.6,.501,16.1,34.4,.265
137,Kent State,33,22,11,.667,0.88,-3.25,,11,7,,11,4,,8,5,,2433,2256,,67.7,108.6,.299,.379,.532,53.4,47.5,11.2,10.2,.496,14.4,36.3,.224
138,Kentucky NCAA,33,22,11,.667,21.61,14.18,,10,8,,15,3,,4,6,,2815,2570,,72.7,117.0,.359,.417,.592,52.4,56.7,9.3,11.3,.560,13.3,28.7,.265
139,La Salle,33,14,19,.424,-3.05,1.60,,5,13,,10,5,,2,10,,2376,2465,,69.6,103.1,.307,.335,.507,50.0,45.9,10.3,10.1,.469,13.1,31.0,.223
140,Lafayette,33,13,20,.394,-9.90,-8.06,,7,11,,10,6,,3,14,,2261,2274,,65.9,102.8,.304,.406,.533,48.6,60.1,8.7,9.8,.506,14.6,25.0,.208
141,Lamar,33,20,13,.606,-2.20,-2.67,,14,6,,10,4,,9,6,,2306,2170,,66.8,104.2,.284,.330,.513,52.4,58.6,11.1,14.2,.485,15.5,36.0,.195
142,Le Moyne,32,9,23,.281,-17.54,-8.07,,4,12,,6,7,,2,16,,2371,2566,,69.0,104.6,.367,.414,.560,47.9,55.0,9.8,6.1,.529,17.3,26.9,.259
143,Lehigh,30,11,19,.367,-10.03,-6.46,,6,12,,8,5,,3,14,,2110,2143,,67.3,103.6,.312,.379,.546,47.5,52.9,8.5,5.7,.521,14.3,22.2,.213
144,Liberty NCAA,34,28,6,.824,8.22,-1.39,,13,5,,12,3,,9,2,,2603,2138,,67.0,113.8,.293,.485,.602,49.2,61.2,9.8,7.7,.589,13.7,20.7,.194
145,Lindenwood,33,16,17,.485,-13.01,-7.11,,10,10,,11,3,,3,12,,2348,2354,,70.6,99.3,.358,.342,.506,49.3,44.2,11.7,10.9,.470,15.2,30.4,.243
146,Lipscomb NCAA,34,25,9,.735,5.06,-4.88,,14,4,,15,3,,10,6,,2697,2289,,68.0,116.2,.306,.472,.593,51.4,54.7,10.2,8.0,.558,12.5,25.7,.243
147,Little Rock,33,19,14,.576,-6.72,-7.52,,12,8,,9,5,,9,7,,2287,2219,,68.1,101.1,.289,.308,.531,48.2,53.0,13.2,16.4,.502,17.5,30.6,.204
148,Long Beach State,32,7,25,.219,-9.82,-0.05,,3,17,,3,11,,4,11,,2152,2374,,65.9,100.8,.360,.368,.541,48.3,49.5,8.5,8.5,.498,18.8,29.7,.272
149,Long Island University,33,17,16,.515,-10.70,-9.70,,12,4,,10,5,,7,9,,2235,2156,,65.5,101.5,.271,.340,.518,52.8,46.7,12.2,11.5,.488,16.6,33.6,.195
150,Longwood,32,18,14,.563,-4.43,-4.85,,7,9,,12,4,,5,7,,2504,2371,,70.6,110.8,.454,.339,.563,52.2,50.4,10.8,6.5,.519,15.2,33.1,.330
151,Louisiana,33,12,21,.364,-10.65,-2.28,,8,10,,5,12,,6,5,,2159,2410,,66.7,97.4,.305,.380,.497,44.4,44.9,11.0,8.4,.458,14.1,26.2,.222
152,Louisiana State,32,14,18,.438,10.26,10.01,,3,15,,11,7,,2,8,,2363,2355,,69.5,105.0,.325,.435,.543,48.5,48.8,10.1,11.7,.511,16.1,29.5,.232
153,Louisiana Tech,32,20,12,.625,1.77,-0.40,,9,9,,11,4,,5,7,,2364,2188,,66.6,109.1,.342,.410,.571,53.0,58.4,9.5,11.5,.536,16.3,30.3,.256
154,Louisiana-Monroe,32,7,25,.219,-15.02,-4.22,,3,15,,5,11,,2,12,,2205,2417,,68.7,99.6,.309,.343,.501,49.1,52.8,10.3,7.0,.464,14.5,30.2,.220
155,Louisville NCAA,34,27,7,.794,19.29,9.61,,18,2,,14,3,,9,2,,2672,2343,,69.0,113.5,.345,.481,.569,52.9,51.9,9.3,8.1,.534,14.2,32.2,.257
156,Loyola (IL),33,22,11,.667,3.75,0.34,,12,6,,16,1,,5,5,,2426,2265,,67.5,107.6,.324,.420,.554,51.7,60.8,9.4,13.4,.532,15.5,30.2,.215
157,Loyola (MD),31,12,19,.387,-11.58,-8.22,,6,12,,7,7,,5,12,,2145,2205,,67.0,102.8,.295,.396,.529,50.3,55.0,10.7,7.9,.500,15.5,29.3,.206
158,Loyola Marymount,32,17,15,.531,1.47,3.21,,8,10,,11,6,,3,8,,2279,2290,,68.7,103.6,.285,.404,.537,47.0,51.5,8.4,10.3,.507,13.6,22.9,.206
159,Maine,34,20,14,.588,-6.28,-8.09,,10,6,,10,3,,8,11,,2409,2248,,67.1,105.2,.281,.329,.551,46.1,56.4,13.5,10.3,.521,13.9,23.1,.206
160,Manhattan,30,17,13,.567,-7.25,-8.22,,12,8,,9,5,,8,7,,2280,2235,,67.4,110.4,.313,.417,.549,50.9,57.1,9.2,7.1,.510,14.6,33.2,.241
161,Marist,30,20,10,.667,-8.69,-10.19,,13,7,,11,4,,9,5,,1979,1934,,64.2,101.5,.224,.376,.522,52.7,55.8,8.9,9.7,.499,15.9,30.6,.158
162,Marquette NCAA,33,23,10,.697,18.88,10.55,,13,7,,14,3,,7,6,,2537,2262,,68.1,112.0,.261,.463,.547,48.8,49.5,13.2,10.9,.520,11.7,30.1,.188
163,Marshall,33,20,13,.606,-2.17,-4.43,,12,6,,14,3,,5,9,,2499,2366,,69.2,109.0,.341,.403,.537,51.6,54.6,9.6,14.2,.505,14.1,33.5,.236
164,Maryland NCAA,33,25,8,.758,23.53,8.86,,14,6,,17,2,,5,5,,2695,2211,,70.7,115.1,.329,.355,.573,52.3,50.4,11.1,12.0,.538,12.6,31.0,.249
165,Maryland-Baltimore County,32,13,19,.406,-11.24,-7.90,,5,11,,8,9,,5,10,,2559,2522,,71.6,110.0,.312,.387,.581,45.5,50.5,10.1,6.4,.559,14.2,22.0,.216
166,Maryland-Eastern Shore,31,6,25,.194,-20.48,-4.30,,2,12,,5,7,,1,17,,2090,2410,,68.7,98.2,.349,.367,.515,47.5,48.9,7.7,5.6,.484,17.0,27.8,.232
167,Massachusetts,32,12,20,.375,-2.48,0.75,,7,11,,8,8,,4,7,,2333,2399,,71.0,101.2,.342,.321,.489,51.2,49.1,10.8,13.4,.455,13.6,34.8,.227
168,Massachusetts-Lowell,32,17,15,.531,-7.33,-7.30,,6,10,,14,4,,3,11,,2543,2371,,70.3,112.2,.341,.347,.594,52.0,53.7,8.3,10.4,.558,15.8,27.5,.263
169,McNeese State NCAA,33,27,6,.818,8.88,-2.35,,19,1,,13,1,,10,2,,2549,2113,,66.4,116.4,.352,.369,.574,52.7,51.0,13.6,11.4,.546,13.9,35.1,.250
170,Memphis NCAA,34,29,5,.853,12.61,5.69,,16,2,,13,2,,11,2,,2725,2490,,71.3,111.2,.394,.331,.568,52.1,52.0,10.8,13.1,.536,16.4,35.1,.277
171,Mercer,33,14,19,.424,-8.36,-5.03,,6,12,,7,6,,5,11,,2511,2485,,72.4,103.9,.289,.402,.522,50.6,47.4,11.5,7.8,.500,14.2,29.7,.189
172,Mercyhurst,31,15,16,.484,-15.36,-9.39,,9,7,,11,2,,4,14,,2105,2167,,65.4,102.6,.308,.358,.539,44.8,57.0,11.1,6.9,.494,14.6,23.8,.247
173,Merrimack,33,18,15,.545,-4.37,-5.77,,14,6,,8,5,,9,8,,2166,2120,,64.7,100.7,.244,.429,.521,41.3,49.7,14.6,10.6,.494,12.5,20.8,.177
174,Miami (FL),31,7,24,.226,0.65,7.30,,3,17,,7,10,,0,10,,2294,2500,,67.6,108.6,.264,.385,.551,48.2,47.0,9.4,9.6,.519,14.0,28.2,.202
175,Miami (OH),34,25,9,.735,-0.84,-5.28,,14,4,,15,1,,6,7,,2740,2473,,70.6,113.8,.275,.447,.592,50.4,55.8,11.3,10.3,.570,15.1,28.4,.199
176,Michigan NCAA,34,25,9,.735,20.16,13.13,,14,6,,13,3,,7,3,,2661,2422,,70.6,110.1,.350,.425,.577,53.3,58.5,7.7,9.3,.545,17.2,33.2,.255
177,Michigan State NCAA,33,27,6,.818,22.46,11.56,,17,3,,15,1,,8,2,,2579,2219,,69.2,112.5,.378,.327,.559,56.4,61.6,7.9,13.3,.512,14.2,35.3,.296
178,Middle Tennessee,33,22,11,.667,2.96,1.21,,12,6,,11,4,,8,5,,2505,2357,,69.2,108.0,.328,.392,.540,51.7,45.5,9.4,11.3,.514,13.9,31.5,.220
179,Milwaukee,32,21,11,.656,0.36,-3.78,,14,6,,13,3,,7,8,,2510,2295,,69.9,111.4,.382,.316,.548,56.8,50.4,10.9,9.4,.517,15.6,40.5,.261
180,Minnesota,32,15,17,.469,8.51,10.16,,7,13,,10,9,,5,5,,2178,2231,,63.8,104.6,.315,.359,.525,49.4,61.3,9.3,12.9,.499,14.3,30.2,.209
181,Mississippi NCAA,33,22,11,.667,17.92,12.47,,10,8,,13,3,,5,6,,2547,2367,,69.3,110.5,.356,.402,.549,46.7,53.5,12.6,12.4,.511,11.3,25.4,.263
182,Mississippi State NCAA,33,21,12,.636,17.53,11.92,,8,10,,10,5,,6,5,,2632,2447,,69.7,113.1,.316,.423,.546,51.7,53.3,13.1,14.3,.517,12.7,34.1,.221
183,Mississippi Valley State,31,3,28,.097,-34.30,-4.48,,1,17,,2,9,,1,19,,1678,2506,,66.6,81.3,.307,.302,.467,43.1,42.3,9.0,5.4,.434,21.8,23.4,.203
184,Missouri NCAA,33,22,11,.667,20.39,9.78,,10,8,,18,2,,3,7,,2787,2437,,69.9,120.3,.468,.415,.599,51.1,49.5,13.4,7.5,.562,13.2,33.7,.340
185,Missouri State,32,9,23,.281,-3.88,0.58,,2,18,,7,8,,1,12,,2175,2268,,64.6,102.4,.347,.368,.538,51.3,50.3,11.1,8.1,.513,17.8,32.0,.228
186,Monmouth,33,13,20,.394,-7.88,-2.85,,10,8,,8,2,,4,14,,2321,2487,,67.3,103.3,.367,.346,.518,47.3,49.6,8.7,12.7,.472,14.0,29.8,.273
187,Montana NCAA,34,25,9,.735,-1.14,-1.92,,15,3,,15,1,,7,8,,2614,2480,,68.0,112.7,.354,.370,.598,49.4,49.1,9.2,8.5,.568,14.5,23.8,.260
188,Montana State,33,15,18,.455,-2.39,-2.33,,9,9,,11,3,,3,14,,2354,2298,,66.7,106.6,.311,.432,.559,47.0,52.1,9.5,9.1,.529,13.5,21.6,.226
189,Morehead State,32,15,17,.469,-13.51,-7.37,,10,10,,9,5,,6,10,,2116,2199,,65.8,100.2,.370,.345,.506,53.3,49.7,8.5,7.0,.470,15.3,31.9,.250
190,Morgan State,32,14,18,.438,-14.89,-8.32,,7,7,,11,4,,2,13,,2559,2584,,73.0,108.2,.356,.219,.551,50.1,43.7,9.4,11.3,.514,15.7,34.7,.259
191,Mount St. Mary's NCAA,34,22,12,.647,-7.79,-7.28,,12,8,,10,4,,9,8,,2392,2373,,68.0,102.0,.316,.410,.547,53.1,60.7,8.9,8.2,.514,19.1,31.5,.232
192,Murray State,33,16,17,.485,0.84,0.43,,9,11,,7,5,,6,8,,2371,2282,,65.8,106.7,.412,.400,.544,51.0,49.7,9.9,8.1,.502,14.7,29.4,.297
193,Navy,34,15,19,.441,-9.61,-8.48,,10,8,,9,5,,6,12,,2407,2393,,66.8,105.5,.334,.372,.525,51.5,54.0,9.7,8.2,.486,13.8,31.4,.245
194,NC State,31,12,19,.387,5.88,6.69,,5,15,,12,6,,0,11,,2158,2183,,65.8,105.4,.323,.362,.520,47.2,51.6,9.8,10.2,.483,12.5,28.8,.234
195,Nebraska,31,17,14,.548,12.97,10.46,,7,13,,10,6,,5,7,,2337,2259,,68.9,107.7,.360,.385,.555,49.6,52.5,10.1,9.1,.515,14.3,26.8,.269
196,Nevada,33,17,16,.515,9.74,5.56,,8,12,,11,6,,3,8,,2386,2248,,64.9,110.6,.373,.375,.568,50.7,58.8,9.5,12.4,.537,13.8,27.4,.262
197,Nevada-Las Vegas,33,18,15,.545,7.03,5.91,,11,9,,12,5,,5,7,,2285,2248,,66.0,104.9,.358,.346,.535,49.1,49.6,9.9,11.5,.497,14.1,27.3,.257
198,New Hampshire,32,8,24,.250,-19.51,-7.18,,6,10,,6,7,,2,15,,2124,2450,,69.0,96.2,.268,.409,.503,47.9,46.5,8.2,6.7,.479,16.7,27.9,.177
199,New Mexico NCAA,33,26,7,.788,15.15,5.96,,17,3,,16,1,,7,4,,2681,2335,,73.2,110.2,.372,.323,.546,52.7,52.2,12.0,14.2,.515,13.3,31.9,.255
200,New Mexico State,32,17,15,.531,1.17,0.72,,10,8,,9,6,,8,6,,2229,2110,,67.1,103.4,.334,.375,.508,52.8,47.4,9.5,7.3,.475,13.7,33.2,.225
201,New Orleans,31,4,27,.129,-15.16,-0.61,,2,18,,0,11,,3,15,,2105,2556,,69.5,96.9,.339,.307,.493,47.7,50.1,10.4,7.1,.459,16.0,31.6,.227
202,Niagara,31,11,20,.355,-12.53,-8.30,,6,14,,6,7,,3,13,,2122,2214,,65.2,103.7,.307,.429,.558,48.3,52.2,9.4,6.5,.526,16.7,23.8,.227
203,Nicholls State,33,20,13,.606,-2.21,-2.54,,13,7,,11,4,,8,8,,2443,2296,,68.9,106.6,.329,.360,.522,50.1,43.0,11.6,10.6,.490,13.0,31.4,.226
204,NJIT,31,6,25,.194,-17.64,-7.57,,3,13,,4,9,,1,16,,2023,2269,,67.1,96.8,.271,.379,.494,48.6,43.0,7.1,9.6,.458,15.5,29.1,.198
205,Norfolk State NCAA,34,24,10,.706,-3.63,-7.50,,11,3,,11,1,,8,9,,2627,2345,,68.2,112.4,.388,.288,.577,51.8,50.3,10.1,9.1,.537,15.6,32.6,.293
206,North Alabama,34,24,10,.706,1.63,-5.37,,14,4,,16,1,,7,9,,2691,2400,,67.6,116.2,.315,.351,.550,52.3,42.4,11.2,9.8,.522,10.8,34.1,.222
207,North Carolina NCAA,35,22,13,.629,17.16,11.33,,13,7,,12,3,,6,6,,2828,2624,,70.8,113.4,.348,.370,.575,52.1,51.0,8.3,9.7,.542,13.3,29.2,.257
208,North Carolina A&T,32,7,25,.219,-13.00,-4.03,,3,15,,5,9,,2,15,,2213,2439,,69.5,99.5,.313,.366,.497,47.6,45.3,8.9,8.0,.464,13.3,27.3,.215
209,North Carolina Central,33,14,19,.424,-12.68,-7.82,,6,8,,10,4,,2,13,,2600,2501,,70.3,110.3,.381,.347,.552,50.0,56.8,11.7,6.5,.520,15.7,37.2,.265
210,North Dakota,33,12,21,.364,-7.08,-1.18,,5,11,,8,6,,2,12,,2550,2624,,70.4,109.8,.328,.402,.533,51.9,45.1,8.1,6.9,.500,13.6,34.1,.232
211,North Dakota State,32,21,11,.656,1.43,-3.26,,10,6,,11,4,,8,6,,2595,2386,,66.4,120.2,.334,.523,.613,51.3,55.1,5.4,4.9,.581,13.6,28.2,.259
212,North Florida,32,15,17,.469,-7.99,-3.26,,8,10,,8,6,,7,10,,2651,2712,,73.2,111.9,.243,.540,.559,47.1,55.2,8.5,7.1,.540,13.1,28.7,.167
213,North Texas,32,24,8,.750,7.83,0.50,,14,4,,15,1,,7,5,,2179,1910,,61.1,111.5,.367,.373,.562,53.3,45.5,12.5,8.0,.518,14.6,33.5,.284
214,Northeastern,32,17,15,.531,-4.34,-4.78,,9,9,,8,5,,7,8,,2243,2229,,67.1,104.4,.280,.348,.536,50.1,49.7,11.3,12.6,.511,16.0,31.4,.193
215,Northern Arizona,33,18,15,.545,-6.04,-5.45,,8,10,,10,5,,7,8,,2503,2350,,68.1,111.4,.296,.378,.542,54.0,53.5,8.9,4.4,.521,12.7,32.7,.195
216,Northern Colorado,34,25,9,.735,1.60,-3.82,,15,3,,13,2,,9,6,,2750,2463,,68.8,116.3,.332,.388,.608,53.3,54.1,8.8,6.3,.584,14.1,26.1,.241
217,Northern Illinois,31,6,25,.194,-16.46,-4.38,,2,16,,5,10,,1,15,,2199,2383,,70.9,98.9,.302,.479,.522,44.4,51.3,8.5,9.9,.490,14.4,19.5,.213
218,Northern Iowa,32,20,12,.625,5.35,0.10,,14,6,,14,3,,5,5,,2355,2150,,65.5,112.0,.352,.355,.581,51.5,52.2,9.0,9.3,.555,14.2,26.4,.246
219,Northern Kentucky,33,17,16,.515,-4.79,-3.14,,11,9,,12,6,,5,10,,2371,2377,,67.4,104.9,.314,.397,.530,49.2,54.8,11.3,9.4,.504,15.1,32.0,.210
220,Northwestern,33,17,16,.515,14.51,11.24,,7,13,,12,5,,2,9,,2390,2282,,66.1,107.9,.313,.342,.533,49.8,55.8,10.3,10.7,.498,12.8,31.2,.230
221,Northwestern State,32,16,16,.500,-5.06,-1.43,,12,8,,9,5,,6,10,,2146,2204,,64.8,102.7,.327,.359,.529,50.8,53.8,10.4,12.5,.494,17.2,33.6,.234
222,Notre Dame,33,15,18,.455,7.42,7.27,,8,12,,11,5,,3,9,,2397,2392,,65.4,108.2,.318,.375,.551,51.9,44.2,8.3,5.1,.517,14.4,29.6,.235
223,Oakland,34,16,18,.471,-2.69,-0.97,,11,9,,9,4,,6,11,,2402,2436,,64.6,106.9,.312,.425,.531,51.1,51.1,9.9,8.7,.501,15.2,34.8,.218
224,Ohio,32,16,16,.500,-2.53,-4.27,,10,8,,12,3,,3,10,,2554,2449,,71.6,110.6,.330,.402,.576,48.1,50.1,10.0,7.4,.541,13.6,24.1,.251
225,Ohio State,32,17,15,.531,17.88,12.60,,9,11,,11,6,,4,7,,2522,2353,,68.5,112.4,.358,.377,.572,49.7,48.1,9.3,10.0,.535,13.7,28.9,.268
226,Oklahoma NCAA,33,20,13,.606,15.42,11.42,,6,12,,12,5,,2,7,,2602,2470,,70.0,112.6,.396,.419,.595,48.4,52.0,11.2,6.8,.549,15.4,26.5,.315
227,Oklahoma State,32,15,17,.469,6.86,10.76,,7,13,,12,3,,2,10,,2323,2448,,71.8,101.1,.416,.351,.528,50.1,51.7,12.5,8.6,.483,16.6,31.0,.301
228,Old Dominion,35,15,20,.429,-9.56,-4.10,,8,10,,7,9,,5,7,,2376,2502,,66.2,101.8,.316,.358,.487,51.7,44.0,8.3,9.0,.447,14.1,36.5,.226
229,Omaha NCAA,34,22,12,.647,-1.08,-2.86,,13,3,,11,2,,7,9,,2654,2551,,69.2,112.7,.366,.390,.571,52.1,49.3,8.6,7.5,.537,13.8,29.1,.265
230,Oral Roberts,30,7,23,.233,-11.42,-0.49,,3,13,,7,7,,0,15,,2200,2356,,68.3,106.9,.348,.457,.557,46.5,41.5,7.2,6.7,.519,15.0,24.5,.262
231,Oregon NCAA,33,24,9,.727,17.49,12.21,,12,8,,12,4,,7,4,,2515,2341,,68.6,109.9,.334,.386,.561,51.4,54.4,10.3,10.1,.522,14.2,30.6,.255
232,Oregon State,32,20,12,.625,8.78,2.16,,10,8,,15,3,,3,7,,2441,2200,,65.0,116.0,.383,.355,.592,53.2,55.3,10.0,9.6,.549,14.5,32.1,.301
233,Pacific,33,9,24,.273,-6.84,2.36,,4,14,,5,10,,2,13,,2295,2500,,68.2,101.3,.326,.375,.528,50.7,51.4,8.3,8.3,.491,16.6,29.5,.236
234,Penn State,31,16,15,.516,13.62,7.75,,6,14,,11,6,,3,8,,2452,2270,,71.0,111.4,.379,.362,.580,50.2,57.8,11.4,11.3,.541,15.4,28.6,.287
235,Pennsylvania,27,8,19,.296,-10.26,-2.45,,4,10,,5,8,,3,10,,1878,2089,,67.5,102.6,.289,.444,.523,48.3,55.7,7.3,4.7,.494,14.3,26.8,.202
236,Pepperdine,35,13,22,.371,-2.57,2.81,,4,14,,7,9,,2,11,,2560,2681,,69.5,105.3,.314,.347,.535,49.4,60.1,8.8,7.3,.503,13.9,28.2,.225
237,Pittsburgh,32,17,15,.531,13.59,8.56,,8,12,,13,4,,3,9,,2428,2267,,66.8,112.6,.342,.414,.564,49.5,51.4,10.8,12.5,.522,12.9,29.0,.267
238,Portland,32,12,20,.375,-7.09,2.37,,7,11,,9,7,,3,9,,2334,2574,,69.5,103.4,.316,.428,.551,47.9,61.6,6.6,8.1,.511,16.1,24.1,.245
239,Portland State,32,19,13,.594,-4.06,-4.92,,11,7,,13,1,,5,10,,2418,2227,,69.9,107.6,.321,.318,.543,52.4,51.3,11.7,14.0,.525,15.5,34.2,.202
240,Prairie View,32,5,27,.156,-19.12,-7.12,,4,14,,3,7,,2,19,,2286,2637,,71.7,99.6,.341,.337,.522,41.8,47.6,11.3,8.1,.489,14.8,24.8,.236
241,Presbyterian,32,14,18,.438,-6.49,-4.35,,7,9,,8,5,,4,12,,2379,2263,,66.4,110.6,.318,.343,.557,50.4,48.8,10.0,8.9,.531,13.7,30.2,.221
242,Princeton,30,19,11,.633,-2.59,-2.23,,8,6,,9,4,,7,4,,2209,2162,,68.6,107.4,.240,.487,.544,50.0,57.5,10.7,6.5,.520,13.3,27.1,.171
243,Providence,32,12,20,.375,7.52,8.68,,6,14,,10,6,,2,9,,2283,2320,,66.6,106.6,.296,.455,.546,52.8,51.2,7.4,9.2,.521,16.3,33.2,.203
244,Purdue NCAA,33,22,11,.667,20.68,13.89,,13,7,,14,2,,5,6,,2570,2346,,66.6,117.0,.346,.381,.592,51.1,57.7,9.8,5.3,.563,13.6,31.0,.253
245,Purdue Fort Wayne,32,19,13,.594,-1.02,-4.08,,12,8,,12,2,,6,10,,2583,2388,,70.5,113.2,.284,.455,.582,45.0,47.3,12.2,7.9,.554,12.1,22.4,.213
246,Queens (NC),33,19,14,.576,-4.77,-4.55,,11,7,,9,5,,9,9,,2527,2445,,69.8,108.4,.344,.450,.551,51.5,60.0,9.3,14.2,.523,15.3,31.7,.236
247,Quinnipiac,33,20,13,.606,-5.64,-7.42,,15,5,,12,2,,7,10,,2439,2358,,71.6,102.9,.313,.379,.524,53.9,52.7,11.5,12.3,.482,15.4,33.3,.239
248,Radford,33,20,13,.606,-2.49,-3.20,,9,7,,10,3,,7,9,,2441,2314,,64.9,113.1,.398,.366,.566,53.1,45.4,8.5,9.4,.521,14.8,34.6,.304
249,Rhode Island,31,18,13,.581,1.60,-0.37,,7,11,,14,3,,1,9,,2419,2328,,71.2,108.3,.426,.378,.565,51.3,51.9,8.2,8.9,.531,15.8,28.9,.296
250,Rice,32,13,19,.406,-1.84,-1.88,,4,14,,7,8,,4,8,,2249,2249,,65.9,105.8,.434,.387,.524,52.3,50.7,7.0,8.4,.485,15.0,33.7,.296
251,Richmond,32,10,22,.313,-4.89,2.04,,5,13,,6,9,,2,11,,2137,2302,,64.8,100.7,.311,.457,.534,46.5,51.2,9.0,7.1,.489,14.0,19.6,.246
252,Rider,33,14,19,.424,-11.82,-7.00,,9,11,,5,7,,8,11,,2211,2370,,65.3,102.6,.296,.301,.512,50.4,51.1,8.2,9.1,.477,14.6,32.2,.214
253,Robert Morris NCAA,34,26,8,.765,-0.05,-5.81,,15,5,,16,2,,8,6,,2613,2395,,68.6,110.0,.384,.367,.553,53.5,60.5,9.1,12.1,.515,15.8,35.6,.277
254,Rutgers,32,15,17,.469,10.45,10.98,,8,12,,11,5,,3,8,,2465,2482,,69.4,108.8,.362,.363,.542,49.1,47.7,9.9,10.2,.506,13.3,30.8,.260
255,Sacramento State,32,7,25,.219,-13.70,-3.67,,3,15,,5,11,,2,13,,2119,2257,,66.1,100.2,.311,.458,.530,50.2,56.0,9.0,10.5,.504,17.4,27.7,.210
256,Sacred Heart,33,15,18,.455,-8.73,-8.14,,10,10,,8,5,,5,11,,2502,2481,,70.0,107.8,.262,.445,.544,50.9,61.1,10.5,8.6,.516,15.0,31.8,.192
257,Saint Francis (PA) NCAA,33,16,17,.485,-12.53,-7.07,,8,8,,10,4,,6,13,,2347,2363,,67.1,104.0,.231,.420,.555,49.7,53.4,9.3,7.0,.532,16.7,26.4,.168
258,Saint Joseph's,34,22,12,.647,8.06,1.33,,11,7,,13,4,,4,6,,2562,2333,,68.2,109.6,.323,.465,.556,52.0,56.4,9.4,13.7,.521,14.4,30.4,.240
259,Saint Louis,33,19,14,.576,4.30,2.46,,11,7,,14,3,,4,8,,2449,2320,,68.2,107.9,.304,.503,.585,50.3,57.1,9.3,8.3,.565,16.7,23.9,.209
260,Saint Mary's (CA) NCAA,33,28,5,.848,17.74,5.74,,17,1,,16,1,,9,1,,2426,2002,,63.7,114.6,.312,.336,.538,57.8,57.2,9.7,10.3,.510,12.5,40.4,.217
261,Saint Peter's,28,12,16,.429,-10.36,-8.18,,7,13,,6,6,,6,10,,1848,1842,,65.0,100.6,.343,.382,.502,53.2,46.3,10.3,10.7,.458,17.2,37.7,.254
262,Sam Houston,32,13,19,.406,-2.59,1.58,,6,12,,9,4,,3,13,,2411,2433,,69.1,107.8,.357,.384,.556,50.3,49.8,9.2,8.4,.520,15.7,31.1,.259
263,Samford,32,22,10,.688,1.57,-3.87,,12,6,,13,3,,9,6,,2667,2406,,72.0,114.9,.288,.460,.571,50.5,55.7,13.7,11.9,.546,14.9,35.3,.208
264,San Diego,33,6,27,.182,-8.06,1.94,,2,16,,5,13,,0,12,,2314,2629,,71.6,98.0,.306,.357,.501,47.9,45.9,10.4,10.2,.459,16.0,30.1,.230
265,San Diego State NCAA,30,21,9,.700,13.77,8.04,,14,6,,12,3,,6,4,,2126,1909,,66.2,106.1,.314,.400,.536,50.0,51.3,11.5,18.7,.511,14.2,29.8,.209
266,San Francisco,33,24,9,.727,10.96,4.21,,13,5,,16,2,,5,5,,2505,2273,,68.9,109.7,.346,.434,.561,50.7,51.9,9.7,9.4,.530,14.9,29.3,.246
267,San Jose State,34,15,19,.441,0.82,4.38,,7,13,,7,8,,3,9,,2455,2495,,67.1,106.4,.303,.411,.550,49.0,51.0,8.7,8.0,.517,15.0,28.1,.224
268,Santa Clara,32,20,12,.625,13.15,4.71,,12,6,,11,4,,6,5,,2601,2331,,70.0,114.8,.289,.468,.581,53.4,58.5,9.3,8.5,.555,14.7,32.8,.210
269,Seattle,32,14,18,.438,0.14,-1.00,,8,8,,9,5,,4,11,,2254,2125,,67.9,103.7,.426,.369,.521,50.8,51.7,11.9,9.9,.474,14.4,30.3,.305
270,Seton Hall,32,7,25,.219,0.05,8.67,,2,18,,5,11,,0,11,,1970,2246,,64.7,94.0,.329,.305,.481,47.8,50.7,12.4,11.9,.447,16.4,31.2,.218
271,Siena,32,14,18,.438,-7.13,-7.25,,9,11,,9,5,,4,10,,2311,2307,,67.6,105.2,.373,.399,.537,48.7,48.3,10.0,13.3,.494,15.0,28.8,.277
272,South Alabama,32,21,11,.656,1.49,-4.14,,13,5,,13,4,,8,6,,2334,2066,,64.2,110.9,.335,.457,.549,49.5,56.6,14.2,11.4,.518,12.3,29.0,.236
273,South Carolina,32,12,20,.375,10.23,11.89,,2,16,,10,8,,1,10,,2233,2286,,66.8,103.7,.433,.390,.534,51.6,54.7,8.4,7.8,.489,15.9,30.4,.310
274,South Carolina State,33,20,13,.606,-4.36,-8.80,,11,3,,10,2,,7,10,,2624,2324,,71.5,110.3,.429,.336,.566,52.6,57.0,13.2,9.8,.529,16.8,36.6,.304
275,South Carolina Upstate,32,6,26,.188,-15.46,-2.49,,2,14,,4,10,,2,14,,2393,2673,,74.1,100.9,.312,.374,.537,47.3,48.4,10.2,6.3,.511,16.9,25.8,.211
276,South Dakota,33,19,14,.576,-5.44,-3.24,,9,7,,14,2,,4,11,,2812,2763,,74.7,114.1,.440,.385,.553,47.5,40.4,10.1,8.6,.511,11.1,30.8,.314
277,South Dakota State,32,20,12,.625,2.48,-1.49,,11,5,,13,1,,4,8,,2546,2352,,69.7,114.2,.306,.408,.574,56.5,49.4,6.7,8.2,.543,14.8,33.8,.229
278,South Florida,32,13,19,.406,-1.85,0.12,,6,12,,9,6,,2,10,,2381,2385,,69.7,105.9,.344,.374,.539,47.6,54.6,11.8,9.6,.503,13.8,28.3,.248
279,Southeast Missouri State,33,21,12,.636,-4.68,-7.65,,15,5,,12,3,,8,7,,2442,2212,,69.7,105.4,.279,.368,.546,49.2,49.7,11.6,9.6,.518,13.6,25.2,.202
280,Southeastern Louisiana,32,18,14,.563,-4.06,-4.73,,12,8,,8,4,,9,8,,2324,2232,,67.5,106.7,.346,.319,.538,51.5,45.9,10.2,7.3,.497,14.7,31.5,.259
281,Southern,32,20,12,.625,-6.73,-7.80,,15,3,,11,1,,9,10,,2392,2184,,70.6,105.1,.370,.338,.522,53.7,48.9,13.6,11.8,.490,14.9,36.0,.247
282,Southern California,33,16,17,.485,12.45,11.05,,7,13,,12,7,,3,7,,2537,2491,,69.1,110.4,.364,.347,.581,49.3,56.9,9.1,8.4,.546,15.7,28.2,.272
283,Southern Illinois,33,14,19,.424,-2.17,1.12,,8,12,,7,8,,5,7,,2405,2458,,68.4,105.7,.338,.333,.546,51.7,53.4,9.1,8.5,.520,15.8,30.3,.228
284,SIU Edwardsville NCAA,33,22,11,.667,-5.85,-8.48,,13,7,,12,3,,7,8,,2396,2182,,67.9,106.1,.322,.365,.525,52.0,52.5,9.8,11.4,.496,14.1,32.3,.218
285,Southern Indiana,30,10,20,.333,-13.67,-8.21,,5,15,,8,7,,2,13,,2144,2204,,68.5,103.0,.303,.344,.523,49.2,44.8,9.7,7.6,.488,14.6,29.0,.221
286,Southern Methodist,33,23,10,.697,14.93,6.02,,13,7,,12,5,,7,4,,2641,2347,,69.1,115.8,.367,.351,.578,53.9,55.1,11.5,10.3,.547,14.8,36.7,.264
287,Southern Mississippi,33,11,22,.333,-9.86,-3.28,,5,13,,9,6,,1,13,,2352,2507,,71.4,99.0,.334,.367,.520,50.0,56.5,9.6,11.3,.486,16.9,28.7,.231
288,Southern Utah,31,12,19,.387,-10.27,-1.77,,4,12,,8,7,,3,11,,2163,2285,,70.8,98.5,.357,.326,.518,50.5,48.9,7.2,9.8,.476,17.7,31.0,.261
289,St. Bonaventure,33,22,11,.667,4.15,0.61,,9,9,,12,3,,7,6,,2278,2143,,65.2,105.5,.303,.349,.536,51.0,43.6,11.4,11.2,.502,13.9,28.5,.222
290,St. John's (NY) NCAA,34,30,4,.882,21.76,8.93,,18,2,,18,0,,8,2,,2676,2240,,70.4,110.2,.302,.303,.525,53.9,53.7,12.8,15.1,.497,12.9,37.3,.208
291,St. Thomas,34,24,10,.706,1.33,-4.19,,12,4,,14,0,,7,8,,2827,2544,,69.8,118.8,.336,.462,.615,47.2,53.6,10.2,9.4,.582,12.3,22.8,.262
292,Stanford,33,20,13,.606,9.13,6.71,,11,9,,16,2,,3,8,,2409,2329,,67.0,109.0,.297,.414,.544,50.7,54.1,10.4,9.6,.504,13.6,31.1,.234
293,Stephen F. Austin,31,14,17,.452,-8.14,-3.43,,7,13,,8,8,,6,9,,2065,2118,,68.2,96.5,.319,.368,.501,51.4,51.3,12.1,11.5,.475,19.0,35.8,.202
294,Stetson,32,8,24,.250,-16.20,-4.20,,6,12,,5,9,,3,11,,2293,2608,,69.5,102.4,.338,.379,.546,46.5,46.7,7.4,8.1,.509,16.5,25.0,.249
295,Stonehill,32,15,17,.469,-12.87,-9.30,,7,9,,11,3,,3,13,,2198,2242,,66.3,103.7,.319,.445,.546,49.8,60.7,9.7,7.0,.513,16.2,27.5,.231
296,Stony Brook,32,8,24,.250,-13.57,-4.15,,4,14,,5,9,,3,13,,2128,2372,,64.9,102.5,.311,.392,.520,48.8,48.8,7.9,6.3,.480,15.5,29.8,.232
297,Syracuse,33,14,19,.424,5.32,8.41,,7,13,,11,6,,2,9,,2464,2566,,68.7,106.3,.331,.327,.542,52.7,49.9,6.9,6.8,.510,15.4,31.4,.234
298,Tarleton State,32,12,20,.375,-9.96,0.04,,7,9,,10,3,,1,14,,2025,2227,,68.5,92.4,.422,.253,.523,48.9,48.5,13.7,12.2,.473,22.5,30.7,.309
299,TCU,32,16,16,.500,10.89,12.05,,9,11,,14,3,,2,9,,2162,2199,,67.1,100.3,.335,.347,.497,50.6,49.9,11.3,10.7,.468,14.6,33.0,.217
300,Temple,32,17,15,.531,0.08,-0.05,,9,9,,12,2,,3,9,,2520,2487,,69.4,110.9,.452,.318,.553,50.7,41.3,9.0,9.5,.506,13.4,31.9,.333
301,Tennessee NCAA,34,27,7,.794,24.86,13.15,,12,6,,16,1,,6,5,,2541,2143,,65.5,114.2,.354,.430,.565,53.6,60.2,10.6,16.1,.528,13.7,35.4,.263
302,Tennessee State,33,17,16,.515,-7.87,-8.57,,12,8,,12,3,,4,10,,2577,2418,,71.6,106.6,.404,.343,.550,54.2,48.4,9.8,9.9,.519,17.8,36.3,.275
303,Tennessee Tech,32,15,17,.469,-10.86,-7.60,,10,10,,9,5,,5,10,,2308,2371,,69.0,103.8,.290,.469,.541,47.0,60.0,9.1,6.5,.515,14.9,24.2,.202
304,Tennessee-Martin,33,14,19,.424,-10.99,-7.99,,9,11,,8,5,,5,12,,2455,2373,,68.0,107.0,.342,.475,.529,53.0,53.5,11.6,9.5,.495,15.7,35.9,.239
305,Texas NCAA,34,19,15,.559,16.18,9.98,,6,12,,11,7,,4,6,,2667,2456,,68.4,113.0,.366,.354,.565,50.6,47.5,9.1,11.7,.525,12.5,29.8,.274
306,Texas A&M NCAA,32,22,10,.688,20.04,13.66,,11,7,,13,3,,5,5,,2378,2174,,67.5,109.3,.417,.376,.517,56.3,47.7,11.1,13.9,.475,14.7,42.0,.290
307,Texas A&M-Corpus Christi,34,20,14,.588,-1.05,-3.45,,12,8,,15,2,,4,11,,2576,2291,,68.5,110.5,.354,.294,.558,53.0,52.6,11.5,10.3,.540,15.0,33.7,.223
308,Texas Southern,32,15,17,.469,-10.04,-8.01,,12,6,,9,4,,6,12,,2325,2307,,71.6,100.7,.281,.353,.520,49.1,51.8,11.9,9.6,.488,16.6,30.8,.203
309,Texas State,32,16,16,.500,-3.52,-3.68,,9,9,,10,4,,4,10,,2439,2346,,67.2,110.9,.364,.277,.556,53.0,53.6,10.3,11.1,.515,15.2,35.8,.276
310,Texas Tech NCAA,33,25,8,.758,23.90,10.57,,15,5,,15,3,,8,2,,2670,2230,,66.4,120.0,.297,.446,.585,53.2,58.5,9.7,8.1,.555,12.6,34.3,.227
311,Texas-Rio Grande Valley,31,16,15,.516,-6.14,-3.48,,8,12,,12,4,,2,11,,2378,2294,,71.5,107.4,.220,.507,.548,50.2,61.2,10.6,7.0,.527,16.1,31.7,.156
312,The Citadel,30,5,25,.167,-18.30,-4.41,,0,18,,5,12,,0,12,,1997,2251,,66.3,99.1,.345,.455,.509,48.5,52.1,8.9,6.1,.486,16.1,28.8,.213
313,Toledo,33,18,15,.545,-5.95,-2.70,,10,8,,9,4,,6,9,,2603,2645,,69.6,113.0,.354,.284,.552,49.3,46.7,7.7,7.2,.512,11.6,30.4,.265
314,Towson,33,22,11,.667,-1.69,-3.34,,16,2,,12,1,,9,5,,2309,2201,,64.1,108.0,.283,.377,.512,52.6,42.0,10.0,9.9,.484,12.0,35.3,.193
315,Troy NCAA,33,23,10,.697,3.61,-2.85,,13,5,,11,4,,9,6,,2438,2159,,67.5,109.5,.387,.447,.545,53.9,55.4,14.0,13.2,.505,16.6,39.5,.279
316,Tulane,33,19,14,.576,2.02,-0.95,,12,6,,14,3,,4,7,,2473,2304,,68.0,109.8,.356,.396,.562,49.3,57.3,10.6,13.5,.522,13.9,27.7,.271
317,Tulsa,33,13,20,.394,-5.69,-1.66,,6,12,,8,9,,3,8,,2352,2430,,67.6,103.8,.338,.426,.531,49.1,54.3,8.9,6.9,.503,14.5,27.3,.225
318,UAB,34,22,12,.647,4.41,-0.71,,13,5,,14,4,,5,5,,2806,2592,,70.2,117.2,.311,.297,.549,53.8,53.5,9.6,10.6,.511,11.7,38.9,.237
319,UC Davis,32,15,17,.469,-5.91,-1.01,,9,11,,8,6,,7,10,,2175,2249,,68.6,98.6,.376,.350,.517,47.7,48.0,11.4,10.4,.470,16.8,28.9,.279
320,UC Irvine,34,28,6,.824,8.06,-1.00,,17,3,,10,2,,14,3,,2580,2251,,69.7,107.6,.369,.347,.566,53.1,61.2,9.6,9.1,.516,16.0,28.4,.297
321,UC Riverside,33,21,12,.636,-0.26,0.38,,14,6,,14,1,,7,10,,2480,2449,,68.0,108.8,.275,.428,.533,51.8,49.0,7.9,6.8,.499,13.6,33.4,.208
322,UC San Diego NCAA,34,30,4,.882,13.02,-2.07,,18,2,,13,2,,12,2,,2712,2095,,67.4,118.3,.325,.504,.588,49.8,58.3,14.7,7.3,.558,11.4,26.8,.242
323,UC Santa Barbara,34,21,13,.618,0.77,-3.01,,11,9,,12,5,,7,7,,2527,2340,,66.9,111.0,.302,.472,.584,50.6,58.1,9.0,8.7,.553,16.1,27.7,.231
324,UCF,33,17,16,.515,10.69,11.51,,7,13,,13,5,,2,8,,2617,2644,,72.7,107.4,.363,.413,.541,48.8,53.0,10.6,11.1,.494,14.7,32.4,.282
325,UCLA NCAA,32,22,10,.688,19.22,10.19,,13,7,,15,2,,5,5,,2392,2103,,66.6,112.3,.329,.360,.558,51.2,60.5,12.2,10.5,.530,13.7,32.8,.232
326,UNC Asheville,32,21,11,.656,-5.11,-4.47,,11,5,,13,1,,6,9,,2630,2450,,70.8,114.8,.344,.367,.567,49.1,47.7,10.5,11.7,.537,12.6,31.3,.246
327,UNC Greensboro,32,20,12,.625,-0.88,-4.02,,13,5,,11,3,,8,6,,2332,2092,,65.2,111.8,.296,.427,.553,51.9,50.9,9.2,8.7,.522,13.0,31.8,.217
328,UNC Wilmington NCAA,34,27,7,.794,2.31,-4.50,,14,4,,15,3,,9,4,,2699,2377,,67.2,116.8,.374,.365,.572,55.2,54.8,9.6,10.4,.533,13.6,36.7,.280
329,UT Arlington,31,13,18,.419,-5.24,-2.51,,6,10,,9,4,,3,11,,2302,2320,,69.1,106.1,.367,.423,.547,50.8,54.6,8.5,8.0,.521,16.6,33.1,.243
330,Utah,32,16,16,.500,11.94,8.84,,8,12,,15,4,,1,9,,2409,2310,,69.1,108.5,.370,.438,.540,53.6,66.4,9.2,10.2,.517,15.2,34.9,.236
331,Utah State NCAA,33,26,7,.788,14.46,5.21,,15,5,,15,2,,7,4,,2669,2309,,67.5,119.8,.375,.425,.593,52.3,61.4,12.8,9.1,.567,13.6,34.9,.263
332,Utah Tech,33,7,26,.212,-9.89,-1.25,,2,14,,5,8,,0,16,,2305,2508,,69.3,100.5,.331,.387,.522,47.6,51.6,9.3,8.2,.489,15.9,28.0,.230
333,Utah Valley,33,25,8,.758,2.30,-3.38,,15,1,,12,0,,10,6,,2514,2243,,69.2,109.2,.412,.313,.556,53.6,58.6,9.4,14.5,.523,15.1,31.7,.284
334,UTEP,33,18,15,.545,-0.30,0.67,,7,11,,11,5,,4,8,,2392,2335,,69.5,103.9,.373,.365,.541,46.0,52.6,14.6,9.2,.503,15.0,25.6,.267
335,UTSA,31,12,19,.387,-2.33,0.74,,6,12,,7,7,,4,11,,2378,2382,,70.4,108.1,.287,.442,.543,46.0,48.2,13.4,10.0,.503,13.4,28.8,.227
336,Valparaiso,34,15,19,.441,-2.86,-0.08,,6,14,,10,7,,3,10,,2539,2513,,68.5,107.8,.328,.383,.537,49.2,46.8,8.4,10.3,.491,12.3,27.4,.259
337,Vanderbilt NCAA,32,20,12,.625,15.02,10.18,,8,10,,14,3,,3,7,,2548,2393,,70.2,113.0,.340,.402,.554,50.3,50.1,12.8,11.4,.517,12.6,32.2,.254
338,Vermont,33,21,12,.636,-7.79,-7.34,,13,3,,13,3,,7,8,,2199,2106,,64.4,103.4,.304,.433,.537,50.8,51.3,8.7,13.0,.505,15.3,26.8,.219
339,Villanova,33,19,14,.576,13.33,7.45,,11,9,,14,3,,3,8,,2421,2227,,63.5,115.5,.289,.436,.584,52.3,49.0,8.9,7.8,.549,13.7,30.2,.231
340,Virginia,32,15,17,.469,6.11,8.11,,8,12,,10,7,,4,7,,2073,2137,,61.6,105.1,.264,.428,.556,47.1,63.6,8.9,11.3,.527,14.8,22.4,.199
341,Virginia Commonwealth NCAA,34,28,6,.824,15.17,1.35,,15,3,,15,1,,7,3,,2622,2121,,66.7,115.2,.328,.476,.560,53.5,56.4,12.1,15.6,.525,14.1,37.1,.244
342,VMI,34,15,19,.441,-11.12,-4.76,,7,11,,7,7,,5,10,,2492,2487,,68.8,106.1,.352,.477,.546,48.9,51.3,11.5,8.2,.504,15.2,28.3,.268
343,Virginia Tech,32,13,19,.406,2.99,6.99,,8,12,,8,9,,5,5,,2213,2341,,66.1,103.5,.308,.404,.543,50.9,51.5,8.1,5.8,.512,17.4,31.0,.220
344,Wagner,30,14,16,.467,-15.47,-10.00,,6,10,,8,6,,6,10,,1874,1818,,61.8,99.9,.295,.379,.503,53.6,57.0,11.3,5.8,.469,15.9,32.6,.209
345,Wake Forest,32,21,11,.656,9.90,7.75,,13,7,,13,3,,6,6,,2246,2177,,67.9,103.4,.361,.352,.538,48.3,45.8,10.6,12.7,.494,14.8,26.8,.273
346,Washington,31,13,18,.419,6.23,10.73,,4,16,,9,9,,2,9,,2219,2339,,68.6,103.4,.352,.357,.537,48.9,50.6,9.3,10.5,.506,15.3,27.6,.240
347,Washington State,33,19,14,.576,4.88,4.43,,8,10,,10,4,,4,7,,2601,2586,,71.5,109.8,.324,.415,.589,50.1,59.3,8.9,13.0,.567,18.0,31.3,.226
348,Weber State,34,12,22,.353,-9.30,-2.81,,5,13,,5,10,,4,11,,2443,2443,,66.9,106.6,.343,.382,.552,49.3,44.9,9.6,7.4,.521,14.4,25.5,.241
349,West Georgia,31,6,25,.194,-15.08,-4.01,,4,14,,4,8,,2,15,,2140,2426,,69.3,99.6,.286,.301,.510,47.4,52.1,10.1,9.2,.480,14.3,26.2,.198
350,West Virginia,32,19,13,.594,15.28,11.94,,10,10,,13,4,,4,7,,2181,2074,,65.2,102.9,.256,.461,.528,47.6,56.5,11.4,11.6,.500,14.3,25.9,.185
351,Western Carolina,30,8,22,.267,-15.73,-2.24,,4,14,,7,7,,1,14,,2090,2371,,71.6,96.1,.277,.488,.505,49.5,50.3,7.3,8.7,.468,16.9,27.0,.207
352,Western Illinois,31,12,19,.387,-15.07,-8.35,,6,14,,8,7,,4,11,,2130,2211,,65.5,104.1,.275,.376,.536,50.4,41.0,8.2,9.8,.511,15.8,30.2,.190
353,Western Kentucky,32,17,15,.531,-0.21,1.29,,8,10,,13,5,,4,9,,2395,2392,,72.9,102.3,.309,.399,.523,47.8,45.3,11.1,7.9,.488,13.3,23.9,.224
354,Western Michigan,32,12,20,.375,-9.43,-4.04,,9,9,,6,9,,6,10,,2306,2433,,69.4,103.8,.309,.332,.504,52.0,46.8,10.0,6.8,.474,13.3,34.3,.208
355,Wichita State,33,19,14,.576,2.78,1.97,,8,10,,11,6,,5,6,,2437,2396,,69.3,105.8,.354,.283,.530,52.3,44.2,9.7,11.7,.490,14.3,32.3,.257
356,William & Mary,32,17,15,.531,-5.99,-3.99,,11,7,,12,2,,4,11,,2487,2445,,71.2,109.1,.348,.517,.574,49.0,62.8,10.2,5.2,.544,15.8,26.9,.251
357,Winthrop,34,23,11,.676,-1.45,-3.93,,11,5,,16,2,,5,8,,2879,2651,,74.1,113.1,.470,.390,.570,51.6,44.9,10.6,8.8,.540,15.0,33.4,.314
358,Wisconsin NCAA,35,26,9,.743,20.94,11.65,,13,7,,14,3,,6,5,,2790,2465,,68.6,115.7,.338,.481,.582,51.8,54.9,7.5,6.1,.536,12.4,28.0,.279
359,Wofford NCAA,34,19,15,.559,-0.28,-3.03,,10,8,,7,6,,8,8,,2561,2374,,65.3,114.4,.307,.480,.555,55.5,56.0,9.2,8.7,.535,13.9,37.0,.203
360,Wright State,33,15,18,.455,-4.91,-3.81,,8,12,,11,4,,3,12,,2551,2520,,68.1,112.2,.270,.377,.586,51.4,52.7,8.3,8.2,.566,15.6,29.0,.191
361,Wyoming,32,12,20,.375,-0.29,4.58,,5,15,,8,7,,3,10,,2149,2277,,65.7,101.8,.300,.399,.529,51.5,47.9,6.7,8.2,.506,16.9,30.7,.196
362,Xavier NCAA,32,21,11,.656,15.56,8.41,,13,7,,15,2,,5,7,,2497,2268,,69.4,111.5,.372,.374,.584,51.0,63.9,11.0,7.2,.539,14.4,25.2,.295
363,Yale NCAA,29,22,7,.759,6.78,-3.65,,13,1,,11,0,,7,6,,2368,2022,,68.9,118.5,.315,.322,.581,55.1,54.5,8.4,12.0,.553,12.4,33.5,.231
364,Youngstown State,34,21,13,.618,-3.88,-5.01,,13,7,,10,5,,9,6,,2599,2446,,70.6,107.5,.358,.461,.548,50.5,53.1,9.8,13.2,.510,14.9,30.9,.262